filename,Unlabeled,circle,oval
199_jpg.rf.63176afe4a9fc420fa41870f4552ed36.jpg,0,1,0
104_jpg.rf.4cd3aa13aba340fa5ef88c383cfe5f23.jpg,0,0,1
314_jpg.rf.c8c2ab04e19be57c8a15eff77f008fdd.jpg,0,1,0
347_jpg.rf.ca4aad332e3df7256347106cf21ff377.jpg,0,0,1
80_jpg.rf.29a72c722d9d2c649ab643dd837397a2.jpg,0,1,0
250_jpg.rf.79d8441ccb4ee514aa0deb51f2e2632f.jpg,0,1,0
261_jpg.rf.4e5232fd452e44bbbef9430718bae029.jpg,0,1,0
242_jpg.rf.e176994dfc4988f6c0185716ecdff6f3.jpg,0,1,0
377_jpg.rf.1fe2012f25774206c6e729d2b0a099fc.jpg,0,1,0
145_jpg.rf.b543cab6ef09bff39e2cbab4739c41c4.jpg,0,1,0
29_jpg.rf.c8ae3f9f47cc5a3a3f33951aadee095a.jpg,0,0,1
24_jpg.rf.8b14f667f3a38a263e89c3767651e0c8.jpg,0,1,0
29_jpg.rf.0b5829f103c3ddb3bd01f2c3784cbf7a.jpg,0,0,1
104_jpg.rf.458998fb49b26f45246e5c3e5c06d392.jpg,0,0,1
300_jpg.rf.51560b0b24b53f5ed8fc542a21a8bd6d.jpg,0,0,1
215_jpg.rf.7da72f56caf27ce7cb69da12e9e2c251.jpg,0,1,0
367_jpg.rf.dacf60cf0cff8b930247fe3f2094cdac.jpg,0,0,1
177_jpg.rf.f270579592adfec7ef2aa936b36ef399.jpg,0,1,0
236_jpg.rf.fa81ec3961698dc29b35ff8c47ff3b25.jpg,0,0,1
294_jpg.rf.a368d8bed7f63f7d0535060389a6aa10.jpg,0,0,1
357_jpg.rf.0ce3be85156526215db5e9cd33220d38.jpg,0,0,1
306_jpg.rf.87b30cd193a83c24a705599ce674366c.jpg,0,0,1
254_jpg.rf.baf66d3c3a97a982043604e901bf3582.jpg,0,1,0
312_jpg.rf.cd589e767c0b2f13368ae533da1e913b.jpg,0,1,0
255_jpg.rf.3d39cd3ebe63700f7264f5e27dcc79de.jpg,0,0,1
125_jpg.rf.4dd0214076ae6a5d67d7a3e894408e7c.jpg,0,0,1
200_jpg.rf.2e10c96fcad389f14bdda054d79c9ec6.jpg,0,1,0
265_jpg.rf.d909675291b34306c2a6b612cf427d85.jpg,0,1,0
238_jpg.rf.6bd7dd1bd16ed1650a8d63bc64c27e0c.jpg,0,1,0
116_jpg.rf.0cb75bc728b523daed10c57dbca8a554.jpg,0,0,1
17_jpg.rf.b7e4e26e9c5943e05aadf821dc288291.jpg,0,0,1
191_jpg.rf.2f3288e2c51d53e07e0c3a96f2b99887.jpg,0,0,1
151_jpg.rf.b995ccf03ece226deafcde4331d36441.jpg,0,1,0
219_jpg.rf.34586d31643daa0ca23b0d8cb1a92f99.jpg,0,1,0
182_jpg.rf.fbc96d07ec579b161476c2f4549173c5.jpg,0,0,1
150_jpg.rf.9d77d23cb24c6a8ab4df5a95c0238cbd.jpg,0,0,1
344_jpg.rf.87cbd806f1a17e4b7ad7f1194137fee7.jpg,0,1,0
14_jpg.rf.97368ed12d8b203196c04739841ade58.jpg,0,0,1
376_jpg.rf.6fc423577291d31396c465fbc96b8570.jpg,0,0,1
118_jpg.rf.575c6aad39fbca61463418d227b94ad9.jpg,0,1,0
224_jpg.rf.22d1917c9925ed53dcdcd54c1e66e6b2.jpg,0,1,0
196_jpg.rf.6cca968694b2d5911012a96c95638b07.jpg,0,0,1
325_jpg.rf.be13523680aaf0ca0c75ae1fff3a94c8.jpg,0,1,0
216_jpg.rf.a2a2329d81982e56433a3aca3d9bf03a.jpg,0,1,0
114_jpg.rf.21655abbc84d460967d15c89d760bae1.jpg,0,1,0
139_jpg.rf.9a1fe1cfc83ad172cb51ae6ed6e3beaf.jpg,0,1,0
103_jpg.rf.be248718609c0213a63cbf0ab7ec4fa8.jpg,0,0,1
276_jpg.rf.f73d3f4994b9bbc4101456b6a89ab326.jpg,0,1,0
370_jpg.rf.f93337a6c249780d179b062430de0df4.jpg,0,0,1
239_jpg.rf.8ecabcaf1f10f4bd6bc3233485efd0f5.jpg,0,1,0
361_jpg.rf.f0d2244a91ff9996691a56dd277e9215.jpg,0,0,1
131_jpg.rf.906548cbb6480ef4816c3d51406471b5.jpg,0,0,1
36_jpg.rf.392f8738b002aac10ba7a3c5225a5967.jpg,0,1,0
32_jpg.rf.4d96db0f8f8ca9a31412a825d6b9b663.jpg,0,0,1
146_jpg.rf.b933b312a6bf05706ced9da14fab253a.jpg,0,1,0
139_jpg.rf.965e437f17f855101d6f0a5104fc5cbc.jpg,0,1,0
32_jpg.rf.0c5dd6082d770fd34f00eeadedf0a89b.jpg,0,0,1
37_jpg.rf.32bf95b58ad2190852e2acd6f33663d5.jpg,0,1,0
249_jpg.rf.51ccb0bfd262dacb88580f375bd0d237.jpg,0,1,0
44_jpg.rf.1e3db8ce622823409f1d60ca59fcde3b.jpg,0,1,0
268_jpg.rf.c8297578f6bea7f75434082bf90458de.jpg,0,1,0
62_jpg.rf.51c062048a2f7e84fb2df2157985e454.jpg,0,0,1
223_jpg.rf.d2ced26c8c7fd507d27af7f70471c933.jpg,0,1,0
178_jpg.rf.b93df05a5da0c82dc5789297d6aca553.jpg,0,1,0
162_jpg.rf.75acb23474ced276decbdd94bdda4ca7.jpg,0,1,0
131_jpg.rf.7063b268e71e9f00afed4d87108db92f.jpg,0,0,1
249_jpg.rf.9de4a8bb8ff9c31b46459b84894862c6.jpg,0,1,0
100_jpg.rf.74159a1d5135bfc439dc7d76f60b7bf8.jpg,0,1,0
190_jpg.rf.3f95adeab439f2766b1306c720056f94.jpg,0,1,0
196_jpg.rf.3e618f265afcbe4e088208f3eb759159.jpg,0,0,1
370_jpg.rf.d8cd2f5baa46d95d19bcef1b55fc0ba9.jpg,0,0,1
334_jpg.rf.8bfb6bb2b8656bfc8211b756481de7a0.jpg,0,1,0
276_jpg.rf.e0e554466f7141deea2093c0c8d46cc6.jpg,0,1,0
224_jpg.rf.72e973cee80ea420b47d206395820327.jpg,0,1,0
112_jpg.rf.64881cb3ba645e6b4733022036462087.jpg,0,0,1
20_jpg.rf.f90cfa711de93d7ca8bff8412450127a.jpg,0,0,1
85_jpg.rf.12957cd6e0d02ba6c65d32626657d9cc.jpg,0,1,0
239_jpg.rf.45937469bb09be58b32f66b969f48bc0.jpg,0,1,0
162_jpg.rf.485b32d24bb11f28a6c73c3d8b251fc3.jpg,0,1,0
103_jpg.rf.9a4e9cc0a6b79f288c3c01b2d7a9163a.jpg,0,0,1
162_jpg.rf.6ccb8434cc9872ad96daaa520c7738a2.jpg,0,1,0
270_jpg.rf.74c40c2c2ae0c32991567be1795f8db2.jpg,0,1,0
146_jpg.rf.4c424df49d8ed67532f918b76d4c6971.jpg,0,1,0
196_jpg.rf.19996e9d615e5f7017acda738e5163ff.jpg,0,0,1
249_jpg.rf.cb8658ebe28c0088d22ea3cfa9655d49.jpg,0,1,0
270_jpg.rf.4bb52d8124f20909accd7ff9b931aadd.jpg,0,1,0
180_jpg.rf.ec609b868901ddf6443b846633856faf.jpg,0,0,1
178_jpg.rf.e4075ca29a7ce0b7edd9afaf47f00cb9.jpg,0,1,0
97_jpg.rf.97e4a2b694afefc2a051f5743e7354a4.jpg,0,1,0
100_jpg.rf.e330798d15a1a9c1225adde793ca868f.jpg,0,1,0
103_jpg.rf.6839beb1fe62a654381745af2fa2756a.jpg,0,0,1
172_jpg.rf.47dc05c8a98fbaa8d31be7712b92ec8f.jpg,0,1,0
5_jpg.rf.0ad665bcd1acd7a455fac5c8775a6cfb.jpg,0,1,0
85_jpg.rf.fc78451512b8e004dee23e36bfe54bbe.jpg,0,1,0
361_jpg.rf.5074fc53e4f05e6db13b8d0ef02ba2a1.jpg,0,0,1
278_jpg.rf.2b947ec24f2f1ebcf14808aef686cdaa.jpg,0,1,0
178_jpg.rf.bc27fd442afddb8c623bdc0fad57d100.jpg,0,1,0
361_jpg.rf.b5921910f71bded2fc4d56f66ea023fe.jpg,0,0,1
302_jpg.rf.91bb61093dfc055567e9249b5a23493b.jpg,0,1,0
20_jpg.rf.3f8189563a4f7395ec5861205e6bc178.jpg,0,0,1
352_jpg.rf.51292bd8e77942144e66e2bc6a3309d1.jpg,0,0,1
291_jpg.rf.8c3ba0c112cd57efc6b5b2da1f45389d.jpg,0,1,0
302_jpg.rf.c887af71e6b78895f4f2deb1bf82624b.jpg,0,1,0
378_jpg.rf.db62d7bbc69229c313705a550f41f2f9.jpg,0,1,0
285_jpg.rf.365bd54eaf18fef4c197145ce9355ee5.jpg,0,1,0
32_jpg.rf.eefda09abdb5e10d9048783614ea61b8.jpg,0,0,1
260_jpg.rf.16b893ee7628c4120c10ec3628d232a8.jpg,0,1,0
176_jpg.rf.90ec488ed51a426bef2275b9197c5b45.jpg,0,1,0
276_jpg.rf.d821595d6cd869ab099f8c5fb7bdaba6.jpg,0,1,0
85_jpg.rf.1967fd2f9cb6d38e243a8001390afa37.jpg,0,1,0
223_jpg.rf.9cbc5d98250d1a0c5cba38b13e948f8d.jpg,0,1,0
52_jpg.rf.e3b567f381353de22e1929b068afe1ae.jpg,0,1,0
114_jpg.rf.c32ffc761a86178b96bfb2b0a5cdba3a.jpg,0,1,0
112_jpg.rf.111727883cfe76e46e80a72975cb7ffb.jpg,0,0,1
142_jpg.rf.54c037639c3e7114062d6ba9004f9e0f.jpg,0,1,0
224_jpg.rf.0c2bc10bf2facfe283e79ee0817f0013.jpg,0,1,0
247_jpg.rf.0323521bbd3990de337aadc267027077.jpg,0,1,0
146_jpg.rf.dc9fb2c8015e3332d010a36dff92d3ee.jpg,0,1,0
334_jpg.rf.3cceade0d3a99c335d7e984694ae2ff0.jpg,0,1,0
37_jpg.rf.b43cb7411b60814f4529a538905d1e72.jpg,0,1,0
370_jpg.rf.cc0d3b34801cf932037d2a7846adcbac.jpg,0,0,1
159_jpg.rf.56b93b63b6e3eb7e57846507394669df.jpg,0,0,1
176_jpg.rf.a4e4c6d880cf091544a1ca5e57e9ee81.jpg,0,1,0
136_jpg.rf.3162ac4c5f6932fd5f0319dbdf2111cb.jpg,0,0,1
5_jpg.rf.d1bace430b4b47c05c82b19240fad14d.jpg,0,1,0
358_jpg.rf.219283869b2c34aa3e844285bce033f0.jpg,0,0,1
333_jpg.rf.ba1c599e1accd7026dcc6a1e30ce3587.jpg,0,1,0
354_jpg.rf.d68abc8c4603af024e9c6d142c91e6d4.jpg,0,1,0
270_jpg.rf.6285246c39fe324985efb64116b73663.jpg,0,1,0
334_jpg.rf.6683d01c2fb1b9957724cd401508af7f.jpg,0,1,0
247_jpg.rf.b05b750114cbe1f3caf09ad3479f607a.jpg,0,1,0
378_jpg.rf.6ae56b1ed637c73bbed6be7ba9362d55.jpg,0,1,0
131_jpg.rf.42feff7dcfbd70d731074dc083e61e4d.jpg,0,0,1
119_jpg.rf.57c152d16355641ec8ed287e04bff6ce.jpg,0,0,1
114_jpg.rf.8d98ec0b6de42b51d3f73e0f689c00af.jpg,0,1,0
136_jpg.rf.cef6958f756c16cc380fae975464de3f.jpg,0,0,1
337_jpg.rf.55bb38e6cc14a43911da29ab6452f216.jpg,0,1,0
110_jpg.rf.9ddc9e73b175b66e6ef5746e95a0b9f1.jpg,0,1,0
243_jpg.rf.ac0a49526418bfd69ed50ec554a571b4.jpg,0,1,0
316_jpg.rf.ce4c4971ba37b44f159d79de6bac1b66.jpg,0,1,0
268_jpg.rf.71578d8bf4d352ac8db14df2684659e9.jpg,0,1,0
285_jpg.rf.19ee8adf5c75253ade3602aadea4cf3a.jpg,0,1,0
139_jpg.rf.375f91d5226286e1430e5886135e2f84.jpg,0,1,0
167_jpg.rf.2af0315ac846adbacd5c5446e80b9730.jpg,0,1,0
319_jpg.rf.6134676b595295a664a65136b6f8cc5d.jpg,0,1,0
124_jpg.rf.67c4e4fdb18188ec9c229b23f9eaf332.jpg,0,0,1
239_jpg.rf.d80b1902806c36320148b55f32092b38.jpg,0,1,0
295_jpg.rf.45fdbd152d709114e7919298661ec637.jpg,0,0,1
320_jpg.rf.3dbfe2d4e33f9002325456bf7abf0d55.jpg,0,1,0
286_jpg.rf.e4e6d321de229d3e06b5df79b38f9672.jpg,0,1,0
64_jpg.rf.578f120f91e526324ac55205c9c0a455.jpg,0,1,0
243_jpg.rf.12d19c8fa6d0ca88adcfbba3221fd436.jpg,0,1,0
311_jpg.rf.00954ae27c45874bf7a650f25ae501da.jpg,0,1,0
278_jpg.rf.f345b0d1f655a5ad829dbfc9d1a3e933.jpg,0,1,0
37_jpg.rf.558a5afef917ecda9281dc1664e31db3.jpg,0,1,0
176_jpg.rf.59eebf2966fa6288b077cd31a6c5930e.jpg,0,1,0
190_jpg.rf.b26057a9b62849bb0505114e64c8a3ee.jpg,0,1,0
285_jpg.rf.de4b419659443acb9ab1500b12703a05.jpg,0,1,0
93_jpg.rf.762ed8d221835c11ae74396e76855db2.jpg,0,0,1
223_jpg.rf.28a5f199e4d74872038a524b8029b5a5.jpg,0,1,0
268_jpg.rf.6b220b963a9adc02f8fd4a69dad83dc0.jpg,0,1,0
119_jpg.rf.9bac7d2efa5eecddd1ce94580b046999.jpg,0,0,1
260_jpg.rf.036519cfdb983366c312629562687d01.jpg,0,1,0
124_jpg.rf.718204b8fd1a2521bbc9b26d2a7c7fbd.jpg,0,0,1
20_jpg.rf.acf990b7c7d8ac517f5e174c78e38211.jpg,0,0,1
305_jpg.rf.a28f748ecf21cf5ef12f0ce8448d705e.jpg,0,1,0
190_jpg.rf.a9f1b8d4cd655ea18caa520fa658b7c2.jpg,0,1,0
77_jpg.rf.7f6b69680de27ae9557d300953f72cb8.jpg,0,1,0
100_jpg.rf.19d3375ed7b543a8602e2094f77efc18.jpg,0,1,0
341_jpg.rf.db3eb2eab50070f5c897ef688f1bd6d0.jpg,0,1,0
143_jpg.rf.21cd9801f480e84703ede11369e2f99e.jpg,0,1,0
378_jpg.rf.63fb7bac9e05a63cc1ff932337cc584f.jpg,0,1,0
142_jpg.rf.329e931ae44de9d4225809b0b53f4b76.jpg,0,1,0
194_jpg.rf.65ba86e82770495c1c66abfcd9cfd28b.jpg,0,1,0
263_jpg.rf.f5d208b2a8b8f95ff7bdfd55039c6ec3.jpg,0,1,0
302_jpg.rf.6482cae165511b45971059bcada5aa6a.jpg,0,1,0
60_jpg.rf.4f04c4e6937981df6b4c0ac3fa984815.jpg,0,0,1
16_jpg.rf.9371e73b1423c94f9b2c83d0ff916955.jpg,0,0,1
15_jpg.rf.b2c5e30bca3cd7f45ec4665ff97f4daf.jpg,0,0,1
28_jpg.rf.475df09ad0dd27ea15a9e722feab9afa.jpg,0,0,1
240_jpg.rf.7d7dba04423884f4db69b144f7d8d1e1.jpg,0,1,0
38_jpg.rf.ee5874ebac3ad5798766f4cb690e2355.jpg,0,1,0
181_jpg.rf.5864996f6a9df515beec9acf17f921bf.jpg,0,1,0
206_jpg.rf.3119f52bea8e0249202b99850716bade.jpg,0,0,1
19_jpg.rf.66d8bd4f3b944946d640e34a6c3d49c9.jpg,0,0,1
315_jpg.rf.816669d6f25cd707753bda46a62dc486.jpg,0,1,0
319_jpg.rf.aa651873988b2582c6024f760b81169f.jpg,0,1,0
147_jpg.rf.183944f3deb172557b3ef9732cf28f5a.jpg,0,1,0
112_jpg.rf.387760976e644209b803777006b19f31.jpg,0,0,1
147_jpg.rf.61d7b98a2ab1d25e863e2cdb229a546c.jpg,0,1,0
54_jpg.rf.21a6a7af1a0db1dd2ae2e1c5db493c97.jpg,0,1,0
188_jpg.rf.13652a53c2ac2984546107a5df1e0d47.jpg,0,1,0
325_jpg.rf.19262f524dde3f7349b1894b00f150b5.jpg,0,1,0
74_jpg.rf.ce7c2dab93acd270b4f63d0862c3d406.jpg,0,1,0
169_jpg.rf.d009bc5c20197baf36d9771309b74e9a.jpg,0,0,1
172_jpg.rf.16cdb644360f3928abd847b5d52e3ec4.jpg,0,1,0
136_jpg.rf.3fa5e96bf572b3cc8c207e25c960591b.jpg,0,0,1
233_jpg.rf.58b250c8dd3490adaaafb271a2359bed.jpg,0,0,1
213_jpg.rf.32d3f5192c787e5bbd0eb0eee2d0e183.jpg,0,1,0
229_jpg.rf.1bd669b11547a2d9a03b78302e05fd65.jpg,0,1,0
127_jpg.rf.f30728b276622f5884da662b793d68f2.jpg,0,1,0
44_jpg.rf.c729926735ed05ddd8db8626547ce0c9.jpg,0,1,0
263_jpg.rf.25f182618e6a88a87a1b290feb9daa6d.jpg,0,1,0
175_jpg.rf.7e20cb918da8f16e0822c0dcc51a567e.jpg,0,1,0
118_jpg.rf.ded0e8529f0281fbfc2ea408b4bab76b.jpg,0,1,0
62_jpg.rf.7813305308ecefeb21b41f4071aafd3e.jpg,0,0,1
23_jpg.rf.7deb645937ebbabccf98b52ff4ae548a.jpg,0,0,1
295_jpg.rf.300e9a5fe1ba2d7024ca2099b7cc2f69.jpg,0,0,1
47_jpg.rf.b0ce23bb76879e38be84ac195e17e57d.jpg,0,1,0
40_jpg.rf.6f46d745ca38462726a7140dbac5996d.jpg,0,1,0
316_jpg.rf.77b63b8a09dd36b9be3236c2b2ce3ec6.jpg,0,1,0
291_jpg.rf.0ef89d48685123bae321a1c7067d7d94.jpg,0,1,0
52_jpg.rf.067d6cb4be057853b2a8ba76ca164ae0.jpg,0,1,0
229_jpg.rf.888a5380ed4214dbcbbf29333e0f7f0d.jpg,0,1,0
311_jpg.rf.6c3ac43ceedf337c7c6ece1cdf53d984.jpg,0,1,0
188_jpg.rf.bcc62cfd4a45127e130ba7be3119373e.jpg,0,1,0
260_jpg.rf.16fb2352b46da5a7bee21c7aba3e9f94.jpg,0,1,0
352_jpg.rf.cd2995f9f62f32ba1685fd048fa1ac55.jpg,0,0,1
333_jpg.rf.fefdac6fe35fc94a20216e11cd9b61a7.jpg,0,1,0
5_jpg.rf.c7d6e5a0b06caaed843aae8517786d57.jpg,0,1,0
15_jpg.rf.9df376369e1c8f7e8171c75bcc1437d0.jpg,0,0,1
175_jpg.rf.6ce2869b4e68c1911957d97dc7e2cc9f.jpg,0,1,0
159_jpg.rf.25cdb12d2356c92978202c096ce864c7.jpg,0,0,1
333_jpg.rf.1f79d8263515f007a6dec95e0372fe73.jpg,0,1,0
319_jpg.rf.b805d42d4a08c9b3c098b54167115685.jpg,0,1,0
128_jpg.rf.0f198df2863949ff26518ea608366907.jpg,0,1,0
19_jpg.rf.f83b834dae976c4d8adc4388b3ec797d.jpg,0,0,1
233_jpg.rf.40ff363c9217227bfcf0790320404fd7.jpg,0,0,1
354_jpg.rf.8af0cb38e724d96d2451df2de6a7eef5.jpg,0,1,0
132_jpg.rf.98760e2699b0578a1d641ec6b43dada0.jpg,0,1,0
316_jpg.rf.1fc6f3fa2732023b23abb6db4de83469.jpg,0,1,0
243_jpg.rf.da2fdfb9073ac499dfed0fb1be103c95.jpg,0,1,0
232_jpg.rf.2c290c247e572651d373ee07b1a18c0b.jpg,0,1,0
124_jpg.rf.5338601e36a6c6bc5c8547b1b2a79a6c.jpg,0,0,1
213_jpg.rf.3a0c3bd0fc81a7a0073e85caa24c4f75.jpg,0,1,0
16_jpg.rf.5110cef8ecc81ab544030d83c5adb1d3.jpg,0,0,1
77_jpg.rf.f3af3a3177478a7e0a455b74d7327511.jpg,0,1,0
97_jpg.rf.7820ed6d493b19c96c94b4bf83a9a7a8.jpg,0,1,0
258_jpg.rf.ea1f55c221672b4f6885b677a0467be6.jpg,0,1,0
43_jpg.rf.b70d288d27b61e873d6545ab2d0a03a4.jpg,0,1,0
247_jpg.rf.fbd285d945a3a922f076722ab3979979.jpg,0,1,0
295_jpg.rf.e9c3e21dd4a92d0f0114fcb816566a8b.jpg,0,0,1
180_jpg.rf.c7fe9064f8fe6497566294df661e37c1.jpg,0,0,1
240_jpg.rf.57222708e679112c4a4f30b06f40908c.jpg,0,1,0
201_jpg.rf.e4da9d807178a274573a87b5f5f428da.jpg,0,1,0
143_jpg.rf.310f2d4110237297b44362c14d5c9bc9.jpg,0,1,0
143_jpg.rf.aae5ed90e588e4bf094a19f39c86f9d8.jpg,0,1,0
180_jpg.rf.10ce3f652b21f091146c1704f0add316.jpg,0,0,1
55_jpg.rf.657582abaebe768f2b634045ec8e7983.jpg,0,1,0
60_jpg.rf.c5d9640c56efa309722d8a3821fcaaa9.jpg,0,0,1
240_jpg.rf.f92378cc9bf3e27f027fd17386e859e5.jpg,0,1,0
278_jpg.rf.71a9124a1cee9af70cbbced64f0459fe.jpg,0,1,0
204_jpg.rf.8647e9b09a2e48cc33ec928cce65f643.jpg,0,1,0
105_jpg.rf.3fb48b87e1b33928cf7bc7511d85adc3.jpg,0,1,0
185_jpg.rf.a0e59b19cd4e144e844ca2507bddafe7.jpg,0,1,0
201_jpg.rf.639ffdfc34e2d8b13e596dea60cc76bd.jpg,0,1,0
264_jpg.rf.f1dcec06e0a11e4f8faa40dfae23be01.jpg,0,1,0
64_jpg.rf.59c7bca01e53954bca137df6769ccec5.jpg,0,1,0
93_jpg.rf.c1b89ec3dff8ebc9429d2a8671701449.jpg,0,0,1
269_jpg.rf.1a2f2a617c197854d55bb7665610935a.jpg,0,0,1
172_jpg.rf.d4f31334a6d14c3883df595e862e2269.jpg,0,1,0
189_jpg.rf.333ac629fa63214c88dd0bae8a01278e.jpg,0,1,0
286_jpg.rf.05cac4751e6e415b2392ddcc57175424.jpg,0,1,0
286_jpg.rf.b33929819bc1b9b94c20e1eda46c73c7.jpg,0,1,0
36_jpg.rf.9fd041862b8b4002672d2880527a9643.jpg,0,1,0
271_jpg.rf.e46e17b7c04a348b20cc21e4002d4a7e.jpg,0,1,0
147_jpg.rf.6ca4cfb339814bb60f40288faa92f20f.jpg,0,1,0
142_jpg.rf.d4d8044887e6d218faf877c5a808b4a6.jpg,0,1,0
184_jpg.rf.0443d1af293d445089ce43b7f6ba06f7.jpg,0,0,1
264_jpg.rf.95af02da6164372f790d0dde4d48b8e8.jpg,0,1,0
127_jpg.rf.2368c9b00002cbf39dda331e6752cf69.jpg,0,1,0
194_jpg.rf.46387c1a8850d96c4ac54f047e90114f.jpg,0,1,0
167_jpg.rf.3ddb40cc934332b2001ff3db7b70ece9.jpg,0,1,0
132_jpg.rf.a44749c26fcaeed04d020b50aee38b7f.jpg,0,1,0
74_jpg.rf.af73414a9e2b309c273e82ed0e8eb312.jpg,0,1,0
226_jpg.rf.66423e78a69127e19ef988e94d217488.jpg,0,0,1
64_jpg.rf.f838182555406cfd36a7fc414b73a8d1.jpg,0,1,0
234_jpg.rf.b225b37acf3cf540e21f2a7f831f0d07.jpg,0,1,0
291_jpg.rf.b0a8319f32dfcb65e333a9444059ddf7.jpg,0,1,0
38_jpg.rf.e977d56d343e845b8b0fbac85f5c1624.jpg,0,1,0
232_jpg.rf.2eca796573172f9f66db44ecc66826d2.jpg,0,1,0
387_jpg.rf.246199d2ed9ae20642eb9f861538f1a6.jpg,0,0,1
77_jpg.rf.e1bfa15cd9304c797923c9ebc9334f77.jpg,0,1,0
311_jpg.rf.31a3e655bc7522843188e53063b77bda.jpg,0,1,0
97_jpg.rf.2de6040673f7295db50140512c79f4de.jpg,0,1,0
1_jpg.rf.1666c0337f6a0c5f46df6e371067027d.jpg,0,0,1
23_jpg.rf.88596de868465cdfad34644b73dfa950.jpg,0,0,1
317_jpg.rf.09b5c1f14baa29986d825ea87668724d.jpg,0,1,0
304_jpg.rf.e524196799dd8896c932991f5cfa9696.jpg,0,1,0
52_jpg.rf.0e6d373e05c97b66e3b63a638faf6654.jpg,0,1,0
380_jpg.rf.d2034aa5d5d2209b842a8bb450fdabaa.jpg,0,1,0
188_jpg.rf.fb61a60efacae078f14312fecf84cf2b.jpg,0,1,0
213_jpg.rf.3e8b1e77bc617893d9f22bb7124f9495.jpg,0,1,0
320_jpg.rf.d8da830f6eba60d19c1adb676a67298f.jpg,0,1,0
258_jpg.rf.8321e35ade240acfa2354b99fd5a0b32.jpg,0,1,0
315_jpg.rf.7c0f72fcaf782bd3d72767e7f641503c.jpg,0,1,0
148_jpg.rf.6d0af31db7e5919122b79c8748ac4e0d.jpg,0,1,0
358_jpg.rf.2fc45dd32b7e7064ccc43cab5dfa1b1b.jpg,0,0,1
159_jpg.rf.9a15fec388796058434aa1624413ade4.jpg,0,0,1
352_jpg.rf.ba9401513d828d5a766150e94f62ff2e.jpg,0,0,1
371_jpg.rf.2c66af24d5d7b34351a299aa61320a74.jpg,0,0,1
43_jpg.rf.ca65de6c33f7d3a044051bde9b986793.jpg,0,1,0
43_jpg.rf.6dd7cc58111b8683a0ecd1fecdfe2a60.jpg,0,1,0
234_jpg.rf.a9faf265c7775f6d8f89b10c1d310811.jpg,0,1,0
233_jpg.rf.ada615ad438cc15618c1de0c39eda732.jpg,0,0,1
105_jpg.rf.513d2595467df2f423c9bda6319b6947.jpg,0,1,0
341_jpg.rf.9b7b9e999d9d6a17bc59ccfaffdd8a33.jpg,0,1,0
275_jpg.rf.8e2cf359d5d62a3895976cbeb81ba57b.jpg,0,1,0
304_jpg.rf.af124630f95058e0b9d171be90d543ff.jpg,0,1,0
62_jpg.rf.cab14404c41f637032f50b94f1720840.jpg,0,0,1
110_jpg.rf.179d1c7a0fdaf03a1eeda06d5caf4943.jpg,0,1,0
318_jpg.rf.33ed956f92cdca3a4f07ceb818331d0e.jpg,0,1,0
132_jpg.rf.f592951acd8bf54e2463941b256b2c8e.jpg,0,1,0
350_jpg.rf.b1980842cce20f158b16d7422a5e27c2.jpg,0,0,1
234_jpg.rf.ca27eed8936a69952b45ac98d54485b8.jpg,0,1,0
167_jpg.rf.de5c6b63d70a33c4416d69f1de470a5f.jpg,0,1,0
53_jpg.rf.48d1ef6e9e40c5dce5642042fef307a4.jpg,0,0,1
229_jpg.rf.a1273cdfa4945cc33f46d37c3fd51bc4.jpg,0,1,0
346_jpg.rf.57e9c87617b7aa3c27c05e5fa992585c.jpg,0,0,1
55_jpg.rf.49bf128cd0c4010cc3b2f3a903908cb9.jpg,0,1,0
181_jpg.rf.ca8b747b08ecce0c46528395d0a5766f.jpg,0,1,0
337_jpg.rf.89012537b871c5fb2508ed9cae1fd811.jpg,0,1,0
158_jpg.rf.8c4f81410c1478a312b80b21fcff1156.jpg,0,1,0
27_jpg.rf.3ccd76f59adc372fce76be368d50c8e6.jpg,0,1,0
341_jpg.rf.ff093f1e9ed56ac9d784bc8015a2464d.jpg,0,1,0
360_jpg.rf.98c77abcc52e005c67382863a6621082.jpg,0,0,1
57_jpg.rf.d58ec197f79ebc779659108657e375b1.jpg,0,1,0
275_jpg.rf.2b30df88849c781fcd423b3a5b49d6ba.jpg,0,1,0
155_jpg.rf.a885b2b9d85eb0c0cf99873f56c25b31.jpg,0,1,0
173_jpg.rf.a5b0a315b20cd5e389701f788fa49de1.jpg,0,1,0
337_jpg.rf.2bdf50eb01c2e5d46286f1f1cf872995.jpg,0,1,0
84_jpg.rf.6a3689fd49fbd211b2153305abe646a5.jpg,0,1,0
315_jpg.rf.9402c2d14a978e8269e9c3c1a3c1d0d0.jpg,0,1,0
181_jpg.rf.1bca51494d3e5f75acf1c5577e1a26db.jpg,0,1,0
343_jpg.rf.2c0a412aa497803abd373df83c606c00.jpg,0,1,0
271_jpg.rf.ce89bca400b0fc785d551bd6cd2a39ca.jpg,0,1,0
169_jpg.rf.3e8b030dd38510f843e4045197dc2acc.jpg,0,0,1
343_jpg.rf.9fa4cb4ba1b249b66bcc9d9d249681e4.jpg,0,1,0
318_jpg.rf.9c6dc704c6032d8367d1127f6bb4ac6d.jpg,0,1,0
216_jpg.rf.b8ea46bfb26de6047cb3e11626a07993.jpg,0,1,0
102_jpg.rf.dc8456bf26ebc3dfa273c5962fa9d55f.jpg,0,0,1
320_jpg.rf.7f89a6d9e39b012537b5de525b2f774c.jpg,0,1,0
232_jpg.rf.ba9172a2a6c3327d8e0aa1528b0eb55b.jpg,0,1,0
263_jpg.rf.aef146b9dcb2f0022cd9b588b75602c5.jpg,0,1,0
343_jpg.rf.05bd675e2f40deba5081cf805b860bbe.jpg,0,1,0
158_jpg.rf.238e581f9e3d9649218b9a5432bc5325.jpg,0,1,0
110_jpg.rf.91d4a614c0681b95c1adefcde4649876.jpg,0,1,0
155_jpg.rf.b6ca54c2502b9152a0cc692d47a829e3.jpg,0,1,0
27_jpg.rf.1045417b27826acbf25b16d9295eec83.jpg,0,1,0
380_jpg.rf.70d2477c6b5a1634489a3dbb7d392747.jpg,0,1,0
169_jpg.rf.a45af79a20c76f8c8d984e40039dc9a3.jpg,0,0,1
387_jpg.rf.21d0e859dd6fa7567d3565297eb331d7.jpg,0,0,1
158_jpg.rf.aead133880a3bdcd8cee0b36de6f3ad0.jpg,0,1,0
253_jpg.rf.cf8309885ab1bb8ec3ffb2a08196afe3.jpg,0,1,0
28_jpg.rf.358644406f4d425eba7a220822ec13cd.jpg,0,0,1
387_jpg.rf.bc9640073ffbdf9036b3e679d6dd9480.jpg,0,0,1
47_jpg.rf.c9ac519a9d5c6a719d1c565819de2149.jpg,0,1,0
325_jpg.rf.dc59b36286552f447a9bcc6fd8380e2a.jpg,0,1,0
79_jpg.rf.69bd23d3345710436752594aab25aa06.jpg,0,0,1
284_jpg.rf.1a67ffa5df6a04ee3e88cee55726796b.jpg,0,1,0
348_jpg.rf.8812839489f75c97c2271007be198890.jpg,0,0,1
271_jpg.rf.197ad945ae831699f5442b924aa462f0.jpg,0,1,0
118_jpg.rf.8f83bb948aa6e18eeda660108104223e.jpg,0,1,0
385_jpg.rf.dcd6a3c0789efc3236944e7d7a4eb640.jpg,0,0,1
171_jpg.rf.c2e6c34c045d5e04b22fbfe8e597c00d.jpg,0,1,0
26_jpg.rf.aa989e7bfbb80f7c42d35ff3e8c85da3.jpg,0,0,1
119_jpg.rf.4b6171d4e5b0c0e2d07668958cf31170.jpg,0,0,1
57_jpg.rf.ccd60e83287c2ab1cfea9c32a00ee459.jpg,0,1,0
369_jpg.rf.82614286175bf17360f0810391a6c7fe.jpg,0,0,1
55_jpg.rf.07ef48e8185b710ad40424d2a342c4ce.jpg,0,1,0
54_jpg.rf.dfa8a966150e7072ac3e6377ac8bd6ed.jpg,0,1,0
206_jpg.rf.cb1f364296a883cd5918dfe2729a955a.jpg,0,0,1
40_jpg.rf.d49b937b0412196faf3e39ab025f36d2.jpg,0,1,0
163_jpg.rf.fc41d132ddd46a1b443e05e7f9cf7253.jpg,0,1,0
57_jpg.rf.776ce4f266e785c9bad0466df095fec0.jpg,0,1,0
86_jpg.rf.7a1339ea79a766574b08f36385937b22.jpg,0,1,0
102_jpg.rf.2920e8ab2a1692d1ea9dc6d0492d4919.jpg,0,0,1
155_jpg.rf.67ac2cb2d5b7b1673e4224c815cfc18d.jpg,0,1,0
36_jpg.rf.28810a69f47a638be8668ee4d48b79dc.jpg,0,1,0
318_jpg.rf.af0397c9a5e4a143928e78d8c52d03f4.jpg,0,1,0
304_jpg.rf.af4a6456453041fb4e7e6cc8efbbd28b.jpg,0,1,0
275_jpg.rf.29e08e41075872392ba57723d928fa21.jpg,0,1,0
380_jpg.rf.7085ca5ba5b3652ad1784d808884999c.jpg,0,1,0
371_jpg.rf.f004727a4248b0e78133faba9080d380.jpg,0,0,1
194_jpg.rf.507031952b9adb097495281d2a8b956d.jpg,0,1,0
284_jpg.rf.f363d970de023dc3023ed165b6dd8888.jpg,0,1,0
84_jpg.rf.6c52fc0ea52e704396bb05e5ba4aa181.jpg,0,1,0
44_jpg.rf.d254cf68f35fa968afddc5ae83e6e5ab.jpg,0,1,0
292_jpg.rf.daf45da324244395a92135d6a13e031f.jpg,0,1,0
54_jpg.rf.c7de89d1c6da41498a5cbe3bae5c9a94.jpg,0,1,0
27_jpg.rf.cae6d10a40cb1a4ec7ea5f7a0389a0ef.jpg,0,1,0
348_jpg.rf.74cbd62b9bca3d201b689b787a951d45.jpg,0,0,1
28_jpg.rf.5675c52e4cffca1c21b86d73ce16794d.jpg,0,0,1
258_jpg.rf.90f15a723221ae3c60bc7274941d5aaa.jpg,0,1,0
72_jpg.rf.edc07b17c3ee666f5a0519b5a2c1988d.jpg,0,0,1
74_jpg.rf.85115483528dee05135cba6576a4b754.jpg,0,1,0
102_jpg.rf.20cb7138419b159c02fb568ea3884e69.jpg,0,0,1
305_jpg.rf.db418d17c0747d644fa9e6ef0ff79cc4.jpg,0,1,0
237_jpg.rf.10d2963f8fb9accc20f1c01530dd6344.jpg,0,1,0
2_jpg.rf.9f9e62f2bad68848a7fe7053de55542c.jpg,0,0,1
65_jpg.rf.3d9faaeef69287ca95bf9522deff6707.jpg,0,0,1
35_jpg.rf.50116f2da71464e0b042cb4795235419.jpg,0,1,0
305_jpg.rf.a2ea7b770aced53bb8c031fb85eb854e.jpg,0,1,0
79_jpg.rf.78573e08cc94d1ff3d1791dd73a940f7.jpg,0,0,1
152_jpg.rf.76deba3a7ce03b36394eb5a23f6710c2.jpg,0,1,0
206_jpg.rf.dbb4bd687cc1b10807d542f368781433.jpg,0,0,1
284_jpg.rf.21ffba7cba6049903de90799ccc9f239.jpg,0,1,0
15_jpg.rf.06942b5912843a22a86b16fca6f6e83e.jpg,0,0,1
360_jpg.rf.5a9b924da1a816f604588c1bb81b9d3e.jpg,0,0,1
222_jpg.rf.5488a25dd338015ee8dc02b39a73e9fb.jpg,0,1,0
313_jpg.rf.c818e7f52ed921599ad31f7467e525bc.jpg,0,1,0
19_jpg.rf.4a345499576c70467794e2353ea16d6d.jpg,0,0,1
26_jpg.rf.46f9138df02577f719c412ae23a57ce7.jpg,0,0,1
369_jpg.rf.f944e2e42f617e4f726c86660483c35d.jpg,0,0,1
157_jpg.rf.5bd0dffbd3fc46e66fd4fda475db9d13.jpg,0,0,1
371_jpg.rf.3155f69b9ce36c92640891292fe9cdda.jpg,0,0,1
145_jpg.rf.ff284f87cb1e2e9046ec924ca68b5e9f.jpg,0,1,0
237_jpg.rf.5d196f8202951b51aa1341317c365477.jpg,0,1,0
329_jpg.rf.b12e91c60cb6021018bd15c06d0a75cf.jpg,0,1,0
317_jpg.rf.08ad4e119dd9caad8a3bded2bc4b9d79.jpg,0,1,0
296_jpg.rf.48fb26a1e5cb0916417e406dadc20e55.jpg,0,1,0
53_jpg.rf.1eb0eba672e10b2d0c119f2b4d4fc667.jpg,0,0,1
348_jpg.rf.bd15d5d34471e5d236f814dccc27f80e.jpg,0,0,1
219_jpg.rf.023376d47b23392c03a6d254877982a4.jpg,0,1,0
40_jpg.rf.dc386ae5cdccec050edf58713c07e1d8.jpg,0,1,0
205_jpg.rf.5faa9dba813682c4ed7cbd324204455c.jpg,0,0,1
216_jpg.rf.954a8cbd150b22d32e5a1945116ea801.jpg,0,1,0
175_jpg.rf.c21c95607d348261789ccd4b2f77ae2c.jpg,0,1,0
358_jpg.rf.734633777a550ba9ca620ab4059250d5.jpg,0,0,1
218_jpg.rf.55c360185d7827c8785449f3fe070397.jpg,0,1,0
246_jpg.rf.9f9c818e1bb04f6e24bd5389c5f8a6c3.jpg,0,0,1
160_jpg.rf.587fa2102f8f382212f4593399dcb0f6.jpg,0,1,0
164_jpg.rf.8fd523b8e177819f18512683e8549e46.jpg,0,0,1
79_jpg.rf.c56d5c6dcf3aaf4e08e2c0a2e7673d61.jpg,0,0,1
367_jpg.rf.eb4d889b8accc12099d14b20dd5ba632.jpg,0,0,1
38_jpg.rf.765f51ba8826dd32cc7b59a71ad78020.jpg,0,1,0
296_jpg.rf.95941e40516d55407d3f2d561cd200aa.jpg,0,1,0
214_jpg.rf.ad195d3d12ae2a15c9d2e09a0d021027.jpg,0,1,0
152_jpg.rf.995569c451811a25891fe45ca6ff134d.jpg,0,1,0
65_jpg.rf.40589854e040800be4b2dd393fef17a7.jpg,0,0,1
242_jpg.rf.e2f76bead5670431fe354bab7505dcec.jpg,0,1,0
84_jpg.rf.c25c0ebeb21af88473736a1ed1a8e184.jpg,0,1,0
253_jpg.rf.3082a1c8d98edf1e3d744fdad8555285.jpg,0,1,0
60_jpg.rf.0ff7ed3116e0c5656e118d6d7e95c449.jpg,0,0,1
157_jpg.rf.b68a92dd18e1a2b35f5025d8da15b5e0.jpg,0,0,1
279_jpg.rf.cdab098e5fa62e1a2c633102e71aaf61.jpg,0,1,0
329_jpg.rf.89516cc435039604667c7d6f3e2c347b.jpg,0,1,0
179_jpg.rf.c26774f619416bb5f7f6dc8ad707b868.jpg,0,1,0
218_jpg.rf.fbccec1610f03234a733edc2e7dea76a.jpg,0,1,0
35_jpg.rf.5e28d985660b30e82245704ed342681b.jpg,0,1,0
272_jpg.rf.45a9fcdf5a82d070b4c93214b8051e06.jpg,0,1,0
217_jpg.rf.58644f9beb20fe69141082f3ea37a475.jpg,0,1,0
86_jpg.rf.1bd5353fd09473a32222c1f16de0d81c.jpg,0,1,0
23_jpg.rf.abef7b1ca3f197d8004f26e79afef31d.jpg,0,0,1
83_jpg.rf.80c47ddc86c2543bbe8307e30d5ac7f6.jpg,0,1,0
117_jpg.rf.89a2dbffff5e81a6f7ce93a8880d99f4.jpg,0,0,1
273_jpg.rf.f62e76d595b267d152c6b1c911a71abf.jpg,0,1,0
179_jpg.rf.b3febdf94694d2e2e1f7d9d37c56da91.jpg,0,1,0
363_jpg.rf.8b3a3fd3d5c7bdbac6eb468adcb226b8.jpg,0,0,1
2_jpg.rf.0959b3168f44da4484da11f7b54c532f.jpg,0,0,1
374_jpg.rf.85475f7c6281fa1b53d62340e16f08b4.jpg,0,0,1
86_jpg.rf.270c7248e5dfab2c36c24d5c9184da0e.jpg,0,1,0
152_jpg.rf.684243715ef5ad2bb0add29608b917fb.jpg,0,1,0
382_jpg.rf.bf1bfd804db4c4eb5faf53fd6e69f760.jpg,0,0,1
122_jpg.rf.7eff26d46b8132dfa183e8560dfac4d8.jpg,0,0,1
346_jpg.rf.d836f661dc76507e79b64ea9dc5545a2.jpg,0,0,1
156_jpg.rf.ddbd0f217367e0f4813f996d5c0bc0b7.jpg,0,1,0
237_jpg.rf.dbbea4e29fd9b68e2244bcf4dad60ed4.jpg,0,1,0
372_jpg.rf.8f4fecf24d42af4a5c5a0763cfc26d01.jpg,0,0,1
354_jpg.rf.c29579cb17bfd2b57a7ddf6a87b33d85.jpg,0,1,0
163_jpg.rf.8364e65d34c0f4d338616b35fc1f7226.jpg,0,1,0
83_jpg.rf.a81c10f350cf5d2cc5f2bfd1b294c87b.jpg,0,1,0
14_jpg.rf.11d20cc03137b53393193f6e45c7ce5c.jpg,0,0,1
30_jpg.rf.03098325720fc5d71ede1ff4112d44e1.jpg,0,0,1
16_jpg.rf.4701e7dc54cb995c2b1a9edeb28e6bea.jpg,0,0,1
53_jpg.rf.7e96cd0bd4e144ac3f2b7d3d4fb03940.jpg,0,0,1
377_jpg.rf.b656f80f57834a33278f962afc5e61ea.jpg,0,1,0
379_jpg.rf.657a806f0f21f43b6aae5fe230266af8.jpg,0,1,0
272_jpg.rf.161492b12360765d23386d00b075478c.jpg,0,1,0
47_jpg.rf.f939b82b5b8f2eefb5c7ddc2b64b67ec.jpg,0,1,0
117_jpg.rf.2dffaf25db890f835837b96d464b93a8.jpg,0,0,1
93_jpg.rf.755c451268710dd5f4dd8e1f46cc959f.jpg,0,0,1
292_jpg.rf.68e6e3cf1d7a38ab8c9035f7de4ac1c2.jpg,0,1,0
127_jpg.rf.88910e07447dbfd60050af50aa64b608.jpg,0,1,0
385_jpg.rf.804c64bc1c81966a88d715bc2f975a55.jpg,0,0,1
204_jpg.rf.52d85a28124d8f6990fc47abafd04010.jpg,0,1,0
87_jpg.rf.6e1207df8ad31160f0e207bd6aa9de7f.jpg,0,1,0
87_jpg.rf.b7ba67dd8cfb7399306c42387bda92bb.jpg,0,1,0
122_jpg.rf.e2af3cea51543a52cf47c79b3f8a5449.jpg,0,0,1
273_jpg.rf.26e66b295786a1d8646d7980e455203b.jpg,0,1,0
46_jpg.rf.ab5a82c90181fe16bfa8a270b68e7b3a.jpg,0,1,0
351_jpg.rf.9a1faa61040c8d7ffb4b674c1dc57f0d.jpg,0,0,1
235_jpg.rf.b9c6f123c0cad73d8d373f68056be7dd.jpg,0,1,0
72_jpg.rf.7b6f22c3360ac82d7d97c69ca1627515.jpg,0,0,1
191_jpg.rf.42c342a69d8320b18a05304133912f54.jpg,0,0,1
128_jpg.rf.b00a0e9cdead9786862c92fbedacdc82.jpg,0,1,0
279_jpg.rf.2500fc0e8a106aba6c2b525595dda1c5.jpg,0,1,0
351_jpg.rf.70b85d7e528e0931b71a58c8cd10e5b6.jpg,0,0,1
35_jpg.rf.bf18965f5d087ec71682e3fce4dacdcc.jpg,0,1,0
254_jpg.rf.22890aab9da2bbce1efa9d9c1ae83ce7.jpg,0,1,0
265_jpg.rf.1d10fb94593956dbf4da96b6d31f59c1.jpg,0,1,0
363_jpg.rf.da1db06957cbf3275c3ec5d3ea91ebf3.jpg,0,0,1
382_jpg.rf.b2b25bb11b5fba8382616551fba2d62b.jpg,0,0,1
164_jpg.rf.40122ab5e2cda53710153cd67a1d72ed.jpg,0,0,1
83_jpg.rf.449f27690fbe80f8d327586d77daa4c3.jpg,0,1,0
356_jpg.rf.ffc00aa26bceadf2446daa86803baaf8.jpg,0,0,1
326_jpg.rf.5b89a5d46b8f35cdb263ff9caa3c2f88.jpg,0,0,1
376_jpg.rf.d0f5500dfca1b589c6453aaba05184c5.jpg,0,0,1
350_jpg.rf.e539690a0a701ebc9c91860705d00e26.jpg,0,0,1
189_jpg.rf.b0c6ecdbb440ad5f3196c4c5f4283a96.jpg,0,1,0
330_jpg.rf.2fb38effb13148399a538360fab2b7f5.jpg,0,0,1
264_jpg.rf.b16cf7b20bf2b3b3668ea2df638c977b.jpg,0,1,0
253_jpg.rf.3577879cb573a1d3722e6cecfdc78907.jpg,0,1,0
11_jpg.rf.e01d154c613fe5befcee1aee2ee838af.jpg,0,1,0
111_jpg.rf.cc9dcebcb35f1875498cda44baaca465.jpg,0,1,0
192_jpg.rf.20ad59c0bee7ffa7e97d4bd3660e1abb.jpg,0,0,1
72_jpg.rf.91ead4a880bb4df1393c3247e2060122.jpg,0,0,1
347_jpg.rf.3eb6c44e5883af92f384649298912713.jpg,0,0,1
214_jpg.rf.717fee946c737ba312dfed4840c81b68.jpg,0,1,0
145_jpg.rf.4349c060d3a429432e695ab1803c9333.jpg,0,1,0
261_jpg.rf.697640eb127455cc3ab09eb3b338f877.jpg,0,1,0
330_jpg.rf.71217254dd375a70bd12bc482817aae2.jpg,0,0,1
2_jpg.rf.7f4bbd74fca8c4597c56d1edb92f73c5.jpg,0,0,1
171_jpg.rf.da9bdc2a78c5030e19716fb19a5db7e6.jpg,0,1,0
374_jpg.rf.89c89cf354ceabaa91251af0f5f725f0.jpg,0,0,1
226_jpg.rf.b7f5f16dbbdc380d73703a841bfb8812.jpg,0,0,1
1_jpg.rf.a76e303c2504a2e6a3bc8c9dffc461ec.jpg,0,0,1
226_jpg.rf.fd36fa39ad9c84c6ed7c2b2f7f475be4.jpg,0,0,1
255_jpg.rf.1ef780e2683bfbbcd79656422432e676.jpg,0,0,1
218_jpg.rf.2a6a66c284ac8c5410334c6fc7a6489c.jpg,0,1,0
372_jpg.rf.5e2d2d1d6b705a2eb65b3c9d090c9817.jpg,0,0,1
294_jpg.rf.b4cad8601ee21dd7271f4f2a394c6c25.jpg,0,0,1
192_jpg.rf.3a27506fc1b02ca64b3a822e6b1d1614.jpg,0,0,1
123_jpg.rf.63535e66029e7d3566fd2427e921a719.jpg,0,0,1
344_jpg.rf.3c601c8f2579586d28ce496f808f6459.jpg,0,1,0
313_jpg.rf.7a4bdded2f00b265edf4c93c86ec166c.jpg,0,1,0
292_jpg.rf.f10c0b5273850c986d5495fb3aae4886.jpg,0,1,0
201_jpg.rf.b0f842596806633d2c7080eb50a62bb6.jpg,0,1,0
185_jpg.rf.4845ab6cb7306e4611ee15faa1068706.jpg,0,1,0
50_jpg.rf.ac2676af389d9989e3a49b2f445f9b22.jpg,0,1,0
160_jpg.rf.4fa5acbc690343541c99df20ff458592.jpg,0,1,0
184_jpg.rf.f989a6d094dc2d58f8bd4e70eb18e09c.jpg,0,0,1
326_jpg.rf.05e6426b4fa95726afffeaef7062dc16.jpg,0,0,1
356_jpg.rf.1b4c3372e74a6d844caae7e861694eed.jpg,0,0,1
65_jpg.rf.fda3bdfd1961ea124c2b2bd6ed757a6a.jpg,0,0,1
30_jpg.rf.06d7bdb4e309a3269791b1d85f0b85a1.jpg,0,0,1
173_jpg.rf.531e3f146045985703952c0f7123aa5a.jpg,0,1,0
385_jpg.rf.9c85001e2eb2ad0c1151a2179de7a08c.jpg,0,0,1
17_jpg.rf.394bc0f65bd6365d93176731b5944ae2.jpg,0,0,1
235_jpg.rf.13da96faeb5f227ed96b6b60e9f2370d.jpg,0,1,0
80_jpg.rf.f65c60fc584b60b8e7b8b2301f4fc6ed.jpg,0,1,0
156_jpg.rf.6d8133e3d484d6c4022c24bac13f98bd.jpg,0,1,0
75_jpg.rf.64b154e44d0255b7042a4f03f946e262.jpg,0,0,1
199_jpg.rf.15ba27bf0fcc6d25201c684963b5f318.jpg,0,1,0
70_jpg.rf.a00287fb4989df97c150749ce54a28fe.jpg,0,0,1
26_jpg.rf.c6416814e3c862a1e797016c835856c0.jpg,0,0,1
187_jpg.rf.51a64f0445df902695f5b51190030b76.jpg,0,1,0
50_jpg.rf.f9ac652bff5ff79e9fc97dd9ee9c11e2.jpg,0,1,0
9_jpg.rf.c0d61ba4ae1b460e7acca650e092bee5.jpg,0,0,1
163_jpg.rf.90d11ba7cc46795e53b0a660e23d2004.jpg,0,1,0
151_jpg.rf.9bf380bfe7f78906b720b1d26e3e5e21.jpg,0,1,0
105_jpg.rf.978eae0cbfe0f4fe8581bbcade8b9186.jpg,0,1,0
360_jpg.rf.f0f4e2d1ac2cf0946d6689c3a112d2d7.jpg,0,0,1
367_jpg.rf.c7527ebcd6fcc1a8c73cb8aae616ac2b.jpg,0,0,1
141_jpg.rf.5c55016e0d4e26a1511b2a77de90f83f.jpg,0,1,0
374_jpg.rf.f19f26d92bc3c3efdcb659ee99082c0b.jpg,0,0,1
279_jpg.rf.bf438530552327de1c0a1d8f51ad117f.jpg,0,1,0
148_jpg.rf.618c61f8a00faa17795eceb51e76ba61.jpg,0,1,0
71_jpg.rf.aae4b0dbb8129f6f40bf9f8c5d16cdec.jpg,0,1,0
382_jpg.rf.35177eafdf2a4ebe19f62c24e396d90a.jpg,0,0,1
269_jpg.rf.40e2cf116657ad9d431fe5d07075a352.jpg,0,0,1
8_jpg.rf.34073f36906322fec3ef4f15fc2c838d.jpg,0,1,0
300_jpg.rf.3e041878ce4b8536fb051164440a77c0.jpg,0,0,1
373_jpg.rf.44910d5f00f45f60d8201a75f36ccdb0.jpg,0,1,0
372_jpg.rf.1cfcdefd2827f04892aecd1fc1b8b5e8.jpg,0,0,1
363_jpg.rf.f8cbc380108a2a3a9f2870479dcf4626.jpg,0,0,1
296_jpg.rf.bc9cdd813157746676923302b227eb62.jpg,0,1,0
273_jpg.rf.d12dcff6c4022e225b22814de72f2903.jpg,0,1,0
322_jpg.rf.4de372951f77f7a4b3a19346f5698e2e.jpg,0,1,0
67_jpg.rf.a04bca02863ce9f2cbf9270912d3f3db.jpg,0,1,0
313_jpg.rf.2c4c1591e4a846379112d88d1f8a90d4.jpg,0,1,0
323_jpg.rf.338639ced67d50ea708181d599738e77.jpg,0,1,0
141_jpg.rf.64961f05683d8da1f51c4e89f9b998e2.jpg,0,1,0
250_jpg.rf.2f99b1b8e44602691b35142267b5f22b.jpg,0,1,0
51_jpg.rf.f714ddf1b02b6bad59c1e27d3473eb86.jpg,0,1,0
137_jpg.rf.07a9b2899ee746adfeec19fffa36ce51.jpg,0,1,0
125_jpg.rf.e5bd9cef74b3a380efad9ccb7581a157.jpg,0,0,1
170_jpg.rf.fcb4356863d935a32178f2f0a5544c77.jpg,0,0,1
116_jpg.rf.a9c28a50365898d635f67b6ff710e722.jpg,0,0,1
272_jpg.rf.77bb07d97370a52d512caab5a72a4c7d.jpg,0,1,0
217_jpg.rf.7fd1c46fd11a37d2ee5da1282db2c47d.jpg,0,1,0
157_jpg.rf.87a2e56ee40d8aeaf5de855227b3a202.jpg,0,0,1
179_jpg.rf.36b3d22ed019abd6e6e3681805a3ebc0.jpg,0,1,0
193_jpg.rf.51e68249c0677f5cc00eade6f80c3c93.jpg,0,1,0
9_jpg.rf.f424b9f184e1a5e374127f18b8b4e0da.jpg,0,0,1
46_jpg.rf.9ba070e2db9b68ba5438b7c5b7941b5b.jpg,0,1,0
182_jpg.rf.abd02a6d0b9873e38e31efee2b82ae3d.jpg,0,0,1
366_jpg.rf.416edb823e72911eb20aee3b71885279.jpg,0,1,0
111_jpg.rf.15f5c07b3ffafee34f0bce1db5045666.jpg,0,1,0
173_jpg.rf.7707c0eed80a8d41375fcdd4cd097067.jpg,0,1,0
164_jpg.rf.caafc11fd8110ceb9fee4a46edb6d5d5.jpg,0,0,1
351_jpg.rf.f3006f85d87357df390ba76f032ede5e.jpg,0,0,1
187_jpg.rf.081588454958cf8ac5e72057cc0b2f5c.jpg,0,1,0
366_jpg.rf.ef52720c6aa95aa1d3d0d31f446ae368.jpg,0,1,0
241_jpg.rf.6a83b887befdc50259c024b977804f8a.jpg,0,1,0
70_jpg.rf.d88039151c159e307bdd98e5eaa3d78c.jpg,0,0,1
359_jpg.rf.a2b58569a183d66bf13321b75948f679.jpg,0,1,0
88_jpg.rf.2f65bacbae255bf5effd985b96141ca0.jpg,0,0,1
24_jpg.rf.93cbbcaefb4bedcee2e275af855e1e68.jpg,0,1,0
95_jpg.rf.b78d250edba329faba9dc6b1b71e0b67.jpg,0,1,0
11_jpg.rf.ddd8ea23f2e2aaa5a159096865d17165.jpg,0,1,0
329_jpg.rf.1363c87590dfff6b77f8e6f1dc104a9d.jpg,0,1,0
150_jpg.rf.2d51c765dc3d6a323d84bb54fb31ec0e.jpg,0,0,1
357_jpg.rf.f169b3cb81fc18098418b3a3d930ebfc.jpg,0,0,1
214_jpg.rf.58504b66efae95ad70234b5da5fd9a51.jpg,0,1,0
67_jpg.rf.36904c73b37d7afa273bd6ca6ce5f42c.jpg,0,1,0
323_jpg.rf.cd29865b69544bbb471de3ba9d4c4c45.jpg,0,1,0
314_jpg.rf.f1a8ad7cc577de46a6325a1b5dbde024.jpg,0,1,0
160_jpg.rf.5f348f8e4102210a4a5370220ef0f097.jpg,0,1,0
185_jpg.rf.a04ce10434f89e45f7dee2488589ed23.jpg,0,1,0
200_jpg.rf.b02f47d056964fb2dc3469c2a53360df.jpg,0,1,0
95_jpg.rf.5dcedd969b86ebc9ce7aa1da736e799f.jpg,0,1,0
306_jpg.rf.7e6143970e356055b8669ec3b09bb927.jpg,0,0,1
317_jpg.rf.d89bdf51ed258286db44df3493c577f8.jpg,0,1,0
128_jpg.rf.5862c5ec42f546486edb09e2779bc56c.jpg,0,1,0
215_jpg.rf.39a3ab96dee43bd89c85444433e949c5.jpg,0,1,0
349_jpg.rf.cabb67c5b4a27e5266f5293a35a8c364.jpg,0,0,1
373_jpg.rf.23ad36b1e133307a2a7a4f67b024835a.jpg,0,1,0
9_jpg.rf.acdb072bd73878833fcd04af07174a6c.jpg,0,0,1
69_jpg.rf.43b61632bc08e03156aafca746db42ad.jpg,0,0,1
75_jpg.rf.e7e93324a03cfc1c70c391a9740171bd.jpg,0,0,1
63_jpg.rf.dac6e37d6de0340c020caa94d6d7c35f.jpg,0,0,1
245_jpg.rf.99be5c9998802ff105d695e8b9f141c8.jpg,0,1,0
8_jpg.rf.d7186047a113baa0ebf18a9c8eb60973.jpg,0,1,0
123_jpg.rf.71ffaaa714d662ec435ac6af4d9fae22.jpg,0,0,1
235_jpg.rf.24e15c7254c1886eab3ee939bcc9c407.jpg,0,1,0
230_jpg.rf.fa21f90ab058fa97d06a7376927ef29f.jpg,0,0,1
330_jpg.rf.e62f68f7481a35f9944fa1cb02781439.jpg,0,0,1
29_jpg.rf.0d1e84e809557403dd60b442b1d894bd.jpg,0,0,1
236_jpg.rf.568dfb44eb8d99e72f906aee095f0719.jpg,0,0,1
182_jpg.rf.bbb449e68d5d8bace48517111496428d.jpg,0,0,1
67_jpg.rf.80a899cc56147cb9934b15c8f3208970.jpg,0,1,0
148_jpg.rf.df1498fc296474a5b7293262f7ffdb11.jpg,0,1,0
137_jpg.rf.88200a1994f0fb2fe3369e6176275f13.jpg,0,1,0
122_jpg.rf.4dfb8d225ed12c0ae8cdfdfb8bc1e432.jpg,0,0,1
116_jpg.rf.064522d06dce7bf425d46c90008bc905.jpg,0,0,1
193_jpg.rf.83c63973d280bf9db867ec0acd73cb03.jpg,0,1,0
322_jpg.rf.88391eb1234d08668d095aed6a3420c5.jpg,0,1,0
245_jpg.rf.c5275e489d4778a2159e154a5956a317.jpg,0,1,0
230_jpg.rf.c71fd765e80740ab9ff1b9d5fe4f4aa7.jpg,0,0,1
171_jpg.rf.9a2f8a9050ae3a2b133e0d31e2121c82.jpg,0,1,0
1_jpg.rf.659192be9da5877699313123cffb0722.jpg,0,0,1
217_jpg.rf.c203f51477206a6680e8ebfb2bc87042.jpg,0,1,0
356_jpg.rf.79f214f736c1554011a3810fd675f0e4.jpg,0,0,1
379_jpg.rf.de8666cdf27dbf675b3a0f6f83f6514b.jpg,0,1,0
189_jpg.rf.e7bf57d6fb07e79ccbed2908fd9913d2.jpg,0,1,0
46_jpg.rf.d9e49755d3c640bb68db4f26e6cb9d7a.jpg,0,1,0
156_jpg.rf.8699580a94784746a259ac10eeff9a1d.jpg,0,1,0
238_jpg.rf.50c29eb0537ab5f718d40a73cfd2fcee.jpg,0,1,0
219_jpg.rf.e9766c9f762cd4306f6e83f5c9580f7c.jpg,0,1,0
87_jpg.rf.f1213f349466279c6650c52151b2d71d.jpg,0,1,0
125_jpg.rf.f5269ceb5dd3e55448466dbf9af37b4f.jpg,0,0,1
269_jpg.rf.c9ca4c513036f60c64a4946a8576f39b.jpg,0,0,1
111_jpg.rf.f4e2deaa467640d122119e0455ec066c.jpg,0,1,0
177_jpg.rf.07d2f8c61d99fa0b4ff3efe8da51173b.jpg,0,1,0
346_jpg.rf.976fa8566b45789a0906d44a26fb20bd.jpg,0,0,1
322_jpg.rf.7ff06ae7042253f5db10739d22ab05fc.jpg,0,1,0
24_jpg.rf.88837904472457937b8d01974aac690b.jpg,0,1,0
353_jpg.rf.78e0871c381d1ccc8db585a99f1ddee3.jpg,0,1,0
359_jpg.rf.803ba59d36f611a7a1e54debde2f0c1b.jpg,0,1,0
353_jpg.rf.8bf1a036a62bdf5ce679a9b07c360405.jpg,0,1,0
246_jpg.rf.769b256b6538f3ce49fe3bb4206cb46b.jpg,0,0,1
205_jpg.rf.d98d1eefd4bc0b09929a07bc1302bcdd.jpg,0,0,1
349_jpg.rf.5efb54fb0a4bf240b6d6766a0c397bfb.jpg,0,0,1
177_jpg.rf.c3153cd058008474eadc9fa9e808a502.jpg,0,1,0
30_jpg.rf.d0985d75cb4d2647d3682f1dd2143015.jpg,0,0,1
192_jpg.rf.b08a5f9eef31e7878033c8e40b366cde.jpg,0,0,1
204_jpg.rf.cc6a2fdc5fe271e99725121720b46745.jpg,0,1,0
314_jpg.rf.7934ab7c23adac304450c5c745b43338.jpg,0,1,0
369_jpg.rf.d1b12a33040c7563c562ad7c8153eecd.jpg,0,0,1
323_jpg.rf.a4727b35691f8226cd9ea4a5efb93a78.jpg,0,1,0
141_jpg.rf.f93223a0f9dc1f34346ddf005c007cae.jpg,0,1,0
88_jpg.rf.270558030ddd58c8eca41e6eb46be67f.jpg,0,0,1
104_jpg.rf.d9dbe7a9622ae8f1beaae112cbd0e570.jpg,0,0,1
63_jpg.rf.5f1ce0656271011fd431e277d4f3ad3c.jpg,0,0,1
17_jpg.rf.d09dcf963b19ca611e4de3cc02925596.jpg,0,0,1
184_jpg.rf.d6fc3dd476b1c2b7fb4aa153711c05e0.jpg,0,0,1
117_jpg.rf.0ac0e060eb52ab2e5a15eaefd5588974.jpg,0,0,1
70_jpg.rf.b8d46eeac344934ace5d6370fa66424e.jpg,0,0,1
193_jpg.rf.f7d1b42db979c3684d3fb31c2eb4afc3.jpg,0,1,0
294_jpg.rf.b6edf9ef94804f4fa4879909abc530df.jpg,0,0,1
222_jpg.rf.63935163914a0a0770cee0fa55c3eb34.jpg,0,1,0
373_jpg.rf.d6d908b0d7ff60fc92f9a76056bb30ae.jpg,0,1,0
357_jpg.rf.0c34d30276b266cc22ba1e26a8548c8d.jpg,0,0,1
170_jpg.rf.e90aa7c94cd098c5872bf1f50cb2b9ac.jpg,0,0,1
242_jpg.rf.f6dcdc2b4b017edc19f06026c4f16424.jpg,0,1,0
245_jpg.rf.67ed26fa12b1e3b2bad504f5e1011556.jpg,0,1,0
200_jpg.rf.f33d0964341b5a9deb3fdef72e172976.jpg,0,1,0
49_jpg.rf.06f6f274eb8454e4e93ccac1215436d1.jpg,0,1,0
88_jpg.rf.6ea9681482bc5de0bb53a5c3edd3bcd1.jpg,0,0,1
50_jpg.rf.d972ee753366245851401d0becaae1b4.jpg,0,1,0
350_jpg.rf.ec998d0ed2e5405c2276f2e41ca39b88.jpg,0,0,1
312_jpg.rf.0b0bccde4d7ef245f2a276bcbc4d437a.jpg,0,1,0
69_jpg.rf.eeec74bac563e0d8b4931a2294781d4c.jpg,0,0,1
75_jpg.rf.97e424bdd1d334ba0b364a1d4724f053.jpg,0,0,1
95_jpg.rf.d3c8eff64760ed57fdc504400fd93345.jpg,0,1,0
300_jpg.rf.930cf0d3367eb83f77ea50d4c5ee0306.jpg,0,0,1
241_jpg.rf.9700338259e677d875946129c9cb2145.jpg,0,1,0
137_jpg.rf.defb59ab4ecabae369d590ec1c210dfe.jpg,0,1,0
71_jpg.rf.5ae508813703b09c0e0ec2d723dd29b5.jpg,0,1,0
191_jpg.rf.16f89bbf7da475bbf3ff8686091d3557.jpg,0,0,1
344_jpg.rf.a13fda3debb1ae711ed27009c68cd7e9.jpg,0,1,0
151_jpg.rf.50ddf881b6939c4667b5f1ad5787ee1e.jpg,0,1,0
347_jpg.rf.8e84bc34738463e9fb2598460720cc71.jpg,0,0,1
51_jpg.rf.4bdf7f593c6baab99a6ef505649d50de.jpg,0,1,0
63_jpg.rf.430445abf3f4f6905b48d25383d2a0df.jpg,0,0,1
359_jpg.rf.e6ccd91d4acf76d338dd4aa06b676383.jpg,0,1,0
69_jpg.rf.ca0b95fe00c200adc45d4ea41b6e1a09.jpg,0,0,1
230_jpg.rf.846d65d79cbb234bb10be66c7ece807c.jpg,0,0,1
377_jpg.rf.74776e2382b439ad7d821d1712e67793.jpg,0,1,0
255_jpg.rf.2adf71d31a155a86f8053c0595ef9bf5.jpg,0,0,1
238_jpg.rf.8e6464f830c2936cbaf51af0eaa88184.jpg,0,1,0
14_jpg.rf.7fa8b89b85abfd5f3fa2bdf36d89d031.jpg,0,0,1
123_jpg.rf.9cf93babc9fc09395ebb2eaae929fbc3.jpg,0,0,1
353_jpg.rf.cd64b3d7e9f704dfdb4bcd826ce67140.jpg,0,1,0
51_jpg.rf.eb508e2da5b075f7d29d4709dc566f60.jpg,0,1,0
312_jpg.rf.a498614b89c26a6b41147c8578cc8f67.jpg,0,1,0
254_jpg.rf.0cb29af6b13c3047f995f44a1b10e3c5.jpg,0,1,0
222_jpg.rf.7967ae8b6c4fbf49a5838c446bc985c7.jpg,0,1,0
199_jpg.rf.a770010184ce353b6f7e299072151082.jpg,0,1,0
376_jpg.rf.6a70d7d19a6dce4c4b5d8660c1211fe0.jpg,0,0,1
8_jpg.rf.1cbe4d020ff0d775c7f50d53fa51b639.jpg,0,1,0
306_jpg.rf.31452fd1e619b540f6c20e0484115231.jpg,0,0,1
49_jpg.rf.3853614b970781ee883d70689111ff31.jpg,0,1,0
236_jpg.rf.5157f7acd3c516f537b3433e74274046.jpg,0,0,1
49_jpg.rf.4454d0eb50344aa612ea4bc3a3e433d3.jpg,0,1,0
11_jpg.rf.88253b523ea5dea72cf011fed1dc62ef.jpg,0,1,0
349_jpg.rf.66bc92ae8c8eea9f71d6398617c1ba52.jpg,0,0,1
205_jpg.rf.d4661721809ea9289a15d089169387b8.jpg,0,0,1
366_jpg.rf.d3075e78e8d4bc0ed03c2158a9559f82.jpg,0,1,0
241_jpg.rf.366fd5a04a378dcc5e444afde479173f.jpg,0,1,0
71_jpg.rf.89f86a535ba3fb93c78583029a781e1d.jpg,0,1,0
250_jpg.rf.4f345c026a77ed19330f46b0c2ac3a87.jpg,0,1,0
265_jpg.rf.c5f4dd5334a24e706d946b9fb2ff3516.jpg,0,1,0
261_jpg.rf.961182995ec5c56f1ebe50b891fe894e.jpg,0,1,0
246_jpg.rf.62dcdb6aca53e0985b395b53fa902983.jpg,0,0,1
326_jpg.rf.8b1eb3d3c0d9ff4f46d7563edb0ff74b.jpg,0,0,1
187_jpg.rf.9420984a2bf723e64b11edd6ac3c082e.jpg,0,1,0
215_jpg.rf.76e694450f6780859336a01a6bb8812b.jpg,0,1,0
80_jpg.rf.f28dfc538abbce32592c8e5398e7cb25.jpg,0,1,0
170_jpg.rf.3c8c8fe401df15323dfabe169ffe78c2.jpg,0,0,1
379_jpg.rf.8cc911646b98d981890ab4512d28be74.jpg,0,1,0
150_jpg.rf.c25e9311a975a9700177177c9bc66b83.jpg,0,0,1