{
  "cccc": {
    "ch1-t1": -1,
    "ch1-t2": 0,
    "ch1-t3": -1,
    "ch2-t1": -1,
    "ch2-t2": -1,
    "ch2-t3": -1,
    "ch2-t4": -1,
    "ch2-t5": -1,
    "ch2-t6": -1,
    "ch3-t1": -1,
    "ch3-t2": -1,
    "ch4-t1": -1,
    "ch4-t2": -1,
    "ch5-t1": -1
  },
  "ckckckc": {
    "ch1-t1": -1,
    "ch1-t2": -1,
    "ch1-t3": -1,
    "ch2-t1": -1,
    "ch2-t2": -1,
    "ch2-t3": -1,
    "ch2-t4": -1,
    "ch2-t5": -1,
    "ch2-t6": -1,
    "ch3-t1": -1,
    "ch3-t2": -1,
    "ch4-t1": -1,
    "ch4-t2": -1,
    "ch5-t1": -1
  }
}